<?xml version="1.0" encoding="UTF-8" standalone="yes"?>
<addon id="Terra-Moon" name="Terra-Moon" version="1.0.14" provider-name="CIRCERO">
    <extension point="xbmc.addon.repository" name="Terra-Moon">
        <dir>
            <info compressed="false">https://raw.githubusercontent.com/CIRCERO/circero.github.io/master/repo/zips/addons.xml</info>
            <checksum>https://raw.githubusercontent.com/CIRCERO/circero.github.io/master/repo/zips/addons.xml.md5</checksum>
            <datadir zip="true">https://raw.githubusercontent.com/CIRCERO/circero.github.io/master/repo/zips/</datadir>
        </dir>
    </extension>
    <extension point="xbmc.addon.metadata">
        <summary>Terra-Moon</summary>
        <description>DESCRIPTION OF YOUR REPO HERE</description>
        <disclaimer></disclaimer>
        <platform>all</platform>
        <assets>
            <icon>icon.png</icon>
            <fanart>fanart.jpg</fanart>
        </assets>
    </extension>
</addon>